"indexno","userid","firstname","lastname","username","password","emailid"
"26","Buck26","Buck","Bailey","Buck.Bailey","uft87ilXv","Buck.Bailey@gmail.com"
"15","Linda15","Linda","Homenick","Linda.Homenick","j@XxX6pp1","Linda.Homenick@gmail.com"
"35","Calista35","Calista","Wiza","Calista.Wiza","v#jBXol8h","Calista.Wiza@gmail.com"
"31","Kaden31","Kaden","Borer","Kaden.Borer","nu12z@P","Kaden.Borer@gmail.com"
"12","Dorothy12","Dorothy","Watsica","Dorothy.Watsica","JD#x#ar","Dorothy.Watsica@gmail.com"
"97","Wilbert97","Wilbert","Kuhn","Wilbert.Kuhn","RR0vdEyQt","Wilbert.Kuhn@gmail.com"
"74","Kelsi74","Kelsi","Waelchi","Kelsi.Waelchi","rFgUGKTx","Kelsi.Waelchi@gmail.com"
"59","May59","May","Herman","May.Herman","gTiaS#Q","May.Herman@gmail.com"
"47","Brianne47","Brianne","Little","Brianne.Little","Sv2H1dQ","Brianne.Little@gmail.com"
"26","Horacio26","Horacio","Kuvalis","Horacio.Kuvalis","ekdE7ClF","Horacio.Kuvalis@gmail.com"
"77","Dawn77","Dawn","Nienow","Dawn.Nienow","yh7u3H","Dawn.Nienow@gmail.com"
"76","Vicky76","Vicky","Hauck","Vicky.Hauck","9ZCHs","Vicky.Hauck@gmail.com"
"34","Isaias34","Isaias","Bins","Isaias.Bins","N6De2Ys","Isaias.Bins@gmail.com"
"37","Linwood37","Linwood","Bartoletti","Linwood.Bartoletti","10FaBX","Linwood.Bartoletti@gmail.com"
"36","Ashleigh36","Ashleigh","Brakus","Ashleigh.Brakus","bkKnGa0","Ashleigh.Brakus@gmail.com"
"13","Ottilie13","Ottilie","Haag","Ottilie.Haag","@4W1ZBGe","Ottilie.Haag@gmail.com"
"68","Dane68","Dane","Mueller","Dane.Mueller","FOIM#Y","Dane.Mueller@gmail.com"
"12","Pietro12","Pietro","Herzog","Pietro.Herzog","k9yCNo3vD","Pietro.Herzog@gmail.com"
"68","Alf68","Alf","MacGyver","Alf.MacGyver","15JPLTJO","Alf.MacGyver@gmail.com"
"53","Raquel53","Raquel","Franecki","Raquel.Franecki","IO4yp0","Raquel.Franecki@gmail.com"
"83","Cathy83","Cathy","Dibbert","Cathy.Dibbert","bj2S0","Cathy.Dibbert@gmail.com"
"89","Jeramy89","Jeramy","Ferry","Jeramy.Ferry","8CcWI@sB","Jeramy.Ferry@gmail.com"
"62","Mabelle62","Mabelle","Padberg","Mabelle.Padberg","dpeMEJ5G","Mabelle.Padberg@gmail.com"
"61","Ashleigh61","Ashleigh","Wyman","Ashleigh.Wyman","ego6@D","Ashleigh.Wyman@gmail.com"
"44","Princess44","Princess","Baumbach","Princess.Baumbach","ltdJet","Princess.Baumbach@gmail.com"
"49","Dallin49","Dallin","Harvey","Dallin.Harvey","qrUip","Dallin.Harvey@gmail.com"
"31","Timmy31","Timmy","Stokes","Timmy.Stokes","nnU@T3","Timmy.Stokes@gmail.com"
"63","Ludie63","Ludie","Monahan","Ludie.Monahan","DG1pR","Ludie.Monahan@gmail.com"
"64","Abbey64","Abbey","Durgan","Abbey.Durgan","5XscflJl8","Abbey.Durgan@gmail.com"
"71","Destiney71","Destiney","Pfannerstill","Destiney.Pfannerstill","M#nehXF","Destiney.Pfannerstill@gmail.com"
"36","Dejah36","Dejah","Rodriguez","Dejah.Rodriguez","xT4Lpq","Dejah.Rodriguez@gmail.com"
"44","Fletcher44","Fletcher","Witting","Fletcher.Witting","yC9HId7Q","Fletcher.Witting@gmail.com"
"81","Mac81","Mac","Corwin","Mac.Corwin","UFEYTB","Mac.Corwin@gmail.com"
"11","Destany11","Destany","Koepp","Destany.Koepp","Bai4Z5RDP","Destany.Koepp@gmail.com"
"99","Ricky99","Ricky","Gerhold","Ricky.Gerhold","FDBDaEeY","Ricky.Gerhold@gmail.com"
"52","Triston52","Triston","Lowe","Triston.Lowe","bdGuz","Triston.Lowe@gmail.com"
"76","Meta76","Meta","Waelchi","Meta.Waelchi","7nXatv","Meta.Waelchi@gmail.com"
"79","Christy79","Christy","Terry","Christy.Terry","XopA0","Christy.Terry@gmail.com"
"16","Makenna16","Makenna","Leffler","Makenna.Leffler","Fz6N6Xc","Makenna.Leffler@gmail.com"
"77","Viola77","Viola","Huels","Viola.Huels","g9ktB5F","Viola.Huels@gmail.com"
"92","Murphy92","Murphy","Harris","Murphy.Harris","otNC6rh","Murphy.Harris@gmail.com"
"52","Marshall52","Marshall","Wiegand","Marshall.Wiegand","#ToHR","Marshall.Wiegand@gmail.com"
"46","Lloyd46","Lloyd","Hyatt","Lloyd.Hyatt","Kcibfyak","Lloyd.Hyatt@gmail.com"
"15","Sonia15","Sonia","Braun","Sonia.Braun","9jXkD","Sonia.Braun@gmail.com"
"76","Marie76","Marie","White","Marie.White","rYSYc","Marie.White@gmail.com"
"12","Barton12","Barton","Schuppe","Barton.Schuppe","B9DB4FLB","Barton.Schuppe@gmail.com"
"76","Kayli76","Kayli","Medhurst","Kayli.Medhurst","1eFTqqG","Kayli.Medhurst@gmail.com"
"46","Cicero46","Cicero","Stiedemann","Cicero.Stiedemann","prmpdIbi","Cicero.Stiedemann@gmail.com"
"11","Martina11","Martina","Ferry","Martina.Ferry","3n1yA53l","Martina.Ferry@gmail.com"
"43","Willa43","Willa","Stark","Willa.Stark","CWBFj1t","Willa.Stark@gmail.com"
"21","Mariela21","Mariela","Aufderhar","Mariela.Aufderhar","AETUN1rQ","Mariela.Aufderhar@gmail.com"
"15","Marisa15","Marisa","Mitchell","Marisa.Mitchell","Ux99T1V3","Marisa.Mitchell@gmail.com"
"82","Serena82","Serena","Koss","Serena.Koss","GJJMK","Serena.Koss@gmail.com"
"14","Sandra14","Sandra","Gusikowski","Sandra.Gusikowski","nycPxA","Sandra.Gusikowski@gmail.com"
"94","Julian94","Julian","Little","Julian.Little","gy5cSjl","Julian.Little@gmail.com"
"26","Rosalind26","Rosalind","Kovacek","Rosalind.Kovacek","t3G5EvZD","Rosalind.Kovacek@gmail.com"
"77","Dale77","Dale","Mohr","Dale.Mohr","ug50evn4L","Dale.Mohr@gmail.com"
"84","Willie84","Willie","Kihn","Willie.Kihn","3b1LP","Willie.Kihn@gmail.com"
"67","Karley67","Karley","Schumm","Karley.Schumm","yGVEzR","Karley.Schumm@gmail.com"
"41","Emie41","Emie","Greenholt","Emie.Greenholt","4vVALGm","Emie.Greenholt@gmail.com"
"28","Janick28","Janick","Fadel","Janick.Fadel","MVGUPp","Janick.Fadel@gmail.com"
"33","Kara33","Kara","Little","Kara.Little","kjFrPW5","Kara.Little@gmail.com"
"75","Reginald75","Reginald","Jacobson","Reginald.Jacobson","cWsEkT","Reginald.Jacobson@gmail.com"
"18","Lexi18","Lexi","McGlynn","Lexi.McGlynn","B@u4Oi","Lexi.McGlynn@gmail.com"
"76","Carlotta76","Carlotta","Bailey","Carlotta.Bailey","EQKG8lCL9","Carlotta.Bailey@gmail.com"
"89","Fermin89","Fermin","Rowe","Fermin.Rowe","pxuSY","Fermin.Rowe@gmail.com"
"48","Gracie48","Gracie","Mills","Gracie.Mills","cPV3r","Gracie.Mills@gmail.com"
"73","Sandrine73","Sandrine","Skiles","Sandrine.Skiles","4zCX2JQ","Sandrine.Skiles@gmail.com"
"77","Dell77","Dell","Nienow","Dell.Nienow","kuuuo3","Dell.Nienow@gmail.com"
"28","Earnestine28","Earnestine","Swift","Earnestine.Swift","NGNPCUe","Earnestine.Swift@gmail.com"
"26","Laurel26","Laurel","Adams","Laurel.Adams","A0Ci#xCP","Laurel.Adams@gmail.com"
"48","Candida48","Candida","Farrell","Candida.Farrell","S08LPAva","Candida.Farrell@gmail.com"
"85","Max85","Max","Wiegand","Max.Wiegand","y35@eXRks","Max.Wiegand@gmail.com"
"44","Wilfred44","Wilfred","Zulauf","Wilfred.Zulauf","j2fce","Wilfred.Zulauf@gmail.com"
"88","Jacklyn88","Jacklyn","Goyette","Jacklyn.Goyette","T6DC19Zr","Jacklyn.Goyette@gmail.com"
"59","Eryn59","Eryn","Rolfson","Eryn.Rolfson","hDl4AbHKd","Eryn.Rolfson@gmail.com"
"84","Brian84","Brian","Marks","Brian.Marks","qvxnNY","Brian.Marks@gmail.com"
"32","Will32","Will","Bartoletti","Will.Bartoletti","JXDTqEA","Will.Bartoletti@gmail.com"
"79","Bethany79","Bethany","Reichert","Bethany.Reichert","S5lOoRgQz","Bethany.Reichert@gmail.com"
"51","Ambrose51","Ambrose","Weber","Ambrose.Weber","DWkpK8V","Ambrose.Weber@gmail.com"
"37","Manley37","Manley","Hermann","Manley.Hermann","zUlfrsqv","Manley.Hermann@gmail.com"
"94","Juana94","Juana","Spencer","Juana.Spencer","N7XypqL80","Juana.Spencer@gmail.com"
"94","Lottie94","Lottie","Hessel","Lottie.Hessel","VWkNqB","Lottie.Hessel@gmail.com"
"36","Muhammad36","Muhammad","Green","Muhammad.Green","9EFeQA@Nu","Muhammad.Green@gmail.com"
"12","Dahlia12","Dahlia","Goldner","Dahlia.Goldner","vOUq4BGbt","Dahlia.Goldner@gmail.com"
"23","Rasheed23","Rasheed","Gibson","Rasheed.Gibson","2Qi4lW","Rasheed.Gibson@gmail.com"
"69","Terry69","Terry","Smith","Terry.Smith","N9ZE59xos","Terry.Smith@gmail.com"
"72","Claude72","Claude","Runolfsdottir","Claude.Runolfsdottir","U@2XfCSF","Claude.Runolfsdottir@gmail.com"
"47","Kali47","Kali","Beahan","Kali.Beahan","Z3335fT61","Kali.Beahan@gmail.com"
"52","Eulalia52","Eulalia","Doyle","Eulalia.Doyle","YXoOfc","Eulalia.Doyle@gmail.com"
"12","Jacques12","Jacques","Breitenberg","Jacques.Breitenberg","iO56621IF","Jacques.Breitenberg@gmail.com"
"69","Rocio69","Rocio","Hills","Rocio.Hills","@3rKsYrh","Rocio.Hills@gmail.com"
"97","Camilla97","Camilla","Towne","Camilla.Towne","#o72NrY","Camilla.Towne@gmail.com"
"25","Tony25","Tony","Russel","Tony.Russel","J65@To","Tony.Russel@gmail.com"
"76","Ted76","Ted","Gleason","Ted.Gleason","ZMVA95","Ted.Gleason@gmail.com"
"24","Darron24","Darron","Runolfsson","Darron.Runolfsson","B6T#4","Darron.Runolfsson@gmail.com"
"69","Bruce69","Bruce","Schmitt","Bruce.Schmitt","V@geIucHJ","Bruce.Schmitt@gmail.com"
"14","Abel14","Abel","Jones","Abel.Jones","MrmAIdm","Abel.Jones@gmail.com"
"64","Trisha64","Trisha","Stark","Trisha.Stark","AbOmEU","Trisha.Stark@gmail.com"
"53","Earnest53","Earnest","Mante","Earnest.Mante","GXDgUVQ","Earnest.Mante@gmail.com"
